repoint_start_sec_sclk,repoint_start_subsec_sclk,repoint_end_sec_sclk,repoint_end_subsec_sclk,repoint_start_utc,repoint_end_utc,repoint_id
496695904,0,496696165,0,2025-09-27 19:05:04.422138,2025-09-27 19:09:25.421900,1
496836006,0,496836267,0,2025-09-29 10:00:06.294434,2025-09-29 10:04:27.294196,2
496922407,0,496922503,0,2025-09-30 10:00:07.215668,2025-09-30 10:01:43.215581,3
497008805,0,497008932,0,2025-10-01 10:00:05.136878,2025-10-01 10:02:12.136762,4
497095206,0,497095319,0,2025-10-02 10:00:06.057977,2025-10-02 10:01:59.057873,5
497181599,0,497181720,0,2025-10-03 09:59:58.979284,2025-10-03 10:01:59.979174,6
497268001,0,497268114,0,2025-10-04 10:00:00.900742,2025-10-04 10:01:53.900639,7
497354404,0,497354532,0,2025-10-05 10:00:03.822044,2025-10-05 10:02:11.821927,8
497440806,0,497440934,0,2025-10-06 10:00:05.743346,2025-10-06 10:02:13.743230,9
497527202,0,497527330,0,2025-10-07 10:00:01.664656,2025-10-07 10:02:09.664539,10
497613600,0,497613713,0,2025-10-08 09:59:59.585975,2025-10-08 10:01:52.585872,11
497700002,0,497700130,0,2025-10-09 10:00:01.507297,2025-10-09 10:02:09.507180,12
497797200,0,497797336,0,2025-10-10 12:59:59.418807,2025-10-10 13:02:15.418684,13
497872805,0,497872918,0,2025-10-11 10:00:04.349988,2025-10-11 10:01:57.349885,14
497959207,0,497959320,0,2025-10-12 10:00:06.271367,2025-10-12 10:01:59.271264,15
498045601,0,498045714,0,2025-10-13 10:00:00.192773,2025-10-13 10:01:53.192670,16
498142805,0,498142948,0,2025-10-14 13:00:04.104359,2025-10-14 13:02:27.104229,17
498218407,0,498218520,0,2025-10-15 10:00:06.035641,2025-10-15 10:01:59.035538,18
498319207,0,498319350,0,2025-10-16 14:00:05.944036,2025-10-16 14:02:28.943906,19
498384006,0,498384104,0,2025-10-17 08:00:04.885170,2025-10-17 08:01:42.885081,20
498477603,0,498477731,0,2025-10-18 10:00:01.800145,2025-10-18 10:02:09.800029,21
498564002,0,498564130,0,2025-10-19 10:00:00.721672,2025-10-19 10:02:08.721555,22
498650406,0,498650534,0,2025-10-20 10:00:04.643248,2025-10-20 10:02:12.643132,23
498736807,0,498736935,0,2025-10-21 10:00:05.564832,2025-10-21 10:02:13.564715,24
498823209,0,498823322,0,2025-10-22 10:00:07.486428,2025-10-22 10:02:00.486326,25
498909602,0,498909731,0,2025-10-23 10:00:00.408071,2025-10-23 10:02:09.407954,26
498983407,0,498983521,0,2025-10-24 06:30:05.341131,2025-10-24 06:31:59.341027,27
499082405,0,499082534,0,2025-10-25 10:00:03.251371,2025-10-25 10:02:12.251254,28
499152905,0,499153018,0,2025-10-26 05:35:03.187463,2025-10-26 05:36:56.187360,29
499255202,0,499255345,0,2025-10-27 10:00:00.094769,2025-10-27 10:02:23.094639,30
499354207,0,499354351,0,2025-10-28 13:30:05.005071,2025-10-28 13:32:29.004941,31
499428006,0,499428104,0,2025-10-29 10:00:03.938232,2025-10-29 10:01:41.938143,32
499514408,0,499514536,0,2025-10-30 10:00:05.859997,2025-10-30 10:02:13.859881,33
499600809,0,499600922,0,2025-10-31 10:00:06.781786,2025-10-31 10:01:59.781683,34
499687209,0,499687337,0,2025-11-01 10:00:06.703592,2025-11-01 10:02:14.703476,35
499773610,0,499773723,0,2025-11-02 10:00:07.625416,2025-11-02 10:02:00.625314,36
499860003,0,499860132,0,2025-11-03 10:00:00.547256,2025-11-03 10:02:09.547139,37
499946407,0,499946536,0,2025-11-04 10:00:04.469118,2025-11-04 10:02:13.469002,38
500032808,0,500032936,0,2025-11-05 10:00:05.391015,2025-11-05 10:02:13.390899,39
500119209,0,500119337,0,2025-11-06 10:00:06.312932,2025-11-06 10:02:14.312816,40
500205610,0,500205738,0,2025-11-07 10:00:07.234872,2025-11-07 10:02:15.234756,41
500292003,0,500292117,0,2025-11-08 10:00:00.156836,2025-11-08 10:01:54.156733,42
500378404,0,500378533,0,2025-11-09 10:00:01.078805,2025-11-09 10:02:10.078688,43
500464807,0,500464935,0,2025-11-10 10:00:04.000797,2025-11-10 10:02:12.000681,44
500551209,0,500551323,0,2025-11-11 10:00:05.922809,2025-11-11 10:01:59.922706,45
500637605,0,500637733,0,2025-11-12 10:00:01.844833,2025-11-12 10:02:09.844717,46
500727605,0,500727734,0,2025-11-13 11:00:01.763608,2025-11-13 11:02:10.763492,47
500810404,0,500810533,0,2025-11-14 10:00:00.688918,2025-11-14 10:02:09.688801,48
500896809,0,500896923,0,2025-11-15 10:00:05.611005,2025-11-15 10:01:59.610902,49
500983206,0,500983335,0,2025-11-16 10:00:02.533119,2025-11-16 10:02:11.533003,50
501069604,0,501069733,0,2025-11-17 10:00:00.455232,2025-11-17 10:02:09.455116,51
501156010,0,501156124,0,2025-11-18 10:00:06.377341,2025-11-18 10:02:00.377238,52
501242409,0,501242537,0,2025-11-19 10:00:05.299498,2025-11-19 10:02:13.299383,53
501328807,0,501328936,0,2025-11-20 10:00:03.221681,2025-11-20 10:02:12.221565,54
501415207,0,501415335,0,2025-11-21 10:00:03.143875,2025-11-21 10:02:11.143760,55
501501607,0,501501720,0,2025-11-22 10:00:03.066098,2025-11-22 10:01:56.065997,56
501588007,0,501588135,0,2025-11-23 10:00:02.988343,2025-11-23 10:02:10.988228,57
501674411,0,501674524,0,2025-11-24 10:00:06.910610,2025-11-24 10:01:59.910508,58
501760805,0,501760934,0,2025-11-25 10:00:00.832959,2025-11-25 10:02:09.832843,59
501847210,0,501847324,0,2025-11-26 10:00:05.755340,2025-11-26 10:01:59.755238,60
501933608,0,501933737,0,2025-11-27 10:00:03.677758,2025-11-27 10:02:12.677642,61
502020007,0,502020136,0,2025-11-28 10:00:02.600192,2025-11-28 10:02:11.600076,62
502106407,0,502106535,0,2025-11-29 10:00:02.522645,2025-11-29 10:02:10.522531,63
502192807,0,502192920,0,2025-11-30 10:00:02.445116,2025-11-30 10:01:55.445014,64
502279206,0,502279335,0,2025-12-01 10:00:01.367604,2025-12-01 10:02:10.367488,65
502365607,0,502365735,0,2025-12-02 10:00:02.290107,2025-12-02 10:02:10.289992,66
502452008,0,502452136,0,2025-12-03 10:00:03.212642,2025-12-03 10:02:11.212527,67
502538409,0,502538537,0,2025-12-04 10:00:04.135192,2025-12-04 10:02:12.135077,68
502624812,0,502624925,0,2025-12-05 10:00:07.057745,2025-12-05 10:02:00.057644,69
502711208,0,502711337,0,2025-12-06 10:00:02.980322,2025-12-06 10:02:11.980206,70
502797614,0,502797742,0,2025-12-07 10:00:08.902922,2025-12-07 10:02:16.902807,71
502884010,0,502884139,0,2025-12-08 10:00:04.825551,2025-12-08 10:02:13.825436,72
502970408,0,502970521,0,2025-12-09 10:00:02.748196,2025-12-09 10:01:55.748095,73
503056806,0,503056935,0,2025-12-10 10:00:00.670856,2025-12-10 10:02:09.670740,74
503143213,0,503143341,0,2025-12-11 10:00:07.593521,2025-12-11 10:02:15.593406,75
503229606,0,503229727,0,2025-12-12 10:00:00.516259,2025-12-12 10:02:01.516151,76
503316013,0,503316141,0,2025-12-13 10:00:07.438999,2025-12-13 10:02:15.438885,77
503402413,0,503402541,0,2025-12-14 10:00:07.361746,2025-12-14 10:02:15.361631,78
503488812,0,503488941,0,2025-12-15 10:00:06.284493,2025-12-15 10:02:15.284377,79
503575207,0,503575320,0,2025-12-16 10:00:01.207245,2025-12-16 10:01:54.207144,80
503661608,0,503661736,0,2025-12-17 10:00:02.129477,2025-12-17 10:02:10.129363,81
503748007,0,503748136,0,2025-12-18 10:00:01.052846,2025-12-18 10:02:10.052731,82
503834410,0,503834538,0,2025-12-19 10:00:03.975653,2025-12-19 10:02:11.975539,83
503920815,0,503920943,0,2025-12-20 10:00:08.898541,2025-12-20 10:02:16.898427,84
504007209,0,504007323,0,2025-12-21 10:00:02.821388,2025-12-21 10:01:56.821286,85
504093612,0,504093741,0,2025-12-22 10:00:05.744215,2025-12-22 10:02:14.744099,86
504180007,0,504180136,0,2025-12-23 10:00:00.667217,2025-12-23 10:02:09.667102,87
504266407,0,504266520,0,2025-12-24 10:00:00.590144,2025-12-24 10:01:53.590043,88
504352811,0,504352940,0,2025-12-25 10:00:04.513042,2025-12-25 10:02:13.512927,89
504439208,0,504439337,0,2025-12-26 10:00:01.435947,2025-12-26 10:02:10.435832,90
504525613,0,504525742,0,2025-12-27 10:00:06.359012,2025-12-27 10:02:15.358897,91
504612007,0,504612120,0,2025-12-28 10:00:00.282042,2025-12-28 10:01:53.281942,92
504698413,0,504698542,0,2025-12-29 10:00:06.205017,2025-12-29 10:02:15.204902,93
504784812,0,504784941,0,2025-12-30 10:00:05.128056,2025-12-30 10:02:14.127941,94
504871212,0,504871341,0,2025-12-31 10:00:05.051111,2025-12-31 10:02:14.050996,95
504957614,0,504957742,0,2026-01-01 10:00:06.974206,2026-01-01 10:02:14.974092,96
505044016,0,505044129,0,2026-01-02 10:00:08.897293,2026-01-02 10:02:01.897193,97
505130408,0,505130537,0,2026-01-03 10:00:00.820407,2026-01-03 10:02:09.820293,98
505216810,0,505216938,0,2026-01-04 10:00:02.743531,2026-01-04 10:02:10.743417,99
505274440,0,505274796,0,2026-01-05 02:00:32.692265,2026-01-05 02:06:28.691948,100
505274894,0,505275242,0,2026-01-05 02:08:06.691861,2026-01-05 02:13:54.691551,101
505275284,0,505275352,0,2026-01-05 02:14:36.691514,2026-01-05 02:15:44.691454,102
505662044,0,505662084,0,2026-01-09 13:40:36.348418,2026-01-09 13:41:16.348382,103
505663181,0,505663252,0,2026-01-09 13:59:33.347412,2026-01-09 14:00:44.347350,104
505668187,0,505668195,0,2026-01-09 15:22:59.342986,2026-01-09 15:23:07.342979,105
505669333,0,505669373,0,2026-01-09 15:42:05.341973,2026-01-09 15:42:45.341938,106
505674337,0,505674393,0,2026-01-09 17:05:29.337549,2026-01-09 17:06:25.337499,107
505675477,0,505675532,0,2026-01-09 17:24:29.336541,2026-01-09 17:25:24.336492,108
505680493,0,505680596,0,2026-01-09 18:48:05.332106,2026-01-09 18:49:48.332015,109
505681633,0,505681689,0,2026-01-09 19:07:05.331098,2026-01-09 19:08:01.331048,110
505686641,0,505686791,0,2026-01-09 20:30:33.326670,2026-01-09 20:33:03.326537,111
505687781,0,505687852,0,2026-01-09 20:49:33.325662,2026-01-09 20:50:44.325599,112
505692788,0,505692985,0,2026-01-09 22:13:00.321235,2026-01-09 22:16:17.321061,113
505693928,0,505693999,0,2026-01-09 22:32:00.320227,2026-01-09 22:33:11.320164,114
505698941,0,505699170,0,2026-01-09 23:55:33.315795,2026-01-09 23:59:22.315592,115
505700082,0,505700153,0,2026-01-10 00:14:34.314786,2026-01-10 00:15:45.314723,116
505705088,0,505705348,0,2026-01-10 01:38:00.310360,2026-01-10 01:42:20.310130,117
505706228,0,505706300,0,2026-01-10 01:57:00.309352,2026-01-10 01:58:12.309288,118
505711237,0,505711529,0,2026-01-10 03:20:29.304923,2026-01-10 03:25:21.304665,119
505712378,0,505712465,0,2026-01-10 03:39:30.303914,2026-01-10 03:40:57.303837,120
505717390,0,505717713,0,2026-01-10 05:03:02.299483,2026-01-10 05:08:25.299197,121
505718531,0,505718618,0,2026-01-10 05:22:03.298474,2026-01-10 05:23:30.298397,122
505720639,0,505720662,0,2026-01-10 05:57:11.296610,2026-01-10 05:57:34.296590,123
505721783,0,505721821,0,2026-01-10 06:16:15.295599,2026-01-10 06:16:53.295565,124
505994413,0,505994496,0,2026-01-13 10:00:05.053341,2026-01-13 10:01:28.053267,125
506080815,0,506081047,0,2026-01-14 10:00:06.976651,2026-01-14 10:03:58.976445,126
506167213,0,506167400,0,2026-01-15 10:00:04.899950,2026-01-15 10:03:11.899784,127
506253609,0,506253812,0,2026-01-16 10:00:00.823277,2026-01-16 10:03:23.823097,128
506340014,0,506340202,0,2026-01-17 10:00:05.746624,2026-01-17 10:03:13.746457,129
506426411,0,506426599,0,2026-01-18 10:00:02.669986,2026-01-18 10:03:10.669819,130
506512809,0,506513012,0,2026-01-19 10:00:00.593365,2026-01-19 10:03:23.593185,131
506599214,0,506599432,0,2026-01-20 10:00:05.516753,2026-01-20 10:03:43.516559,132
506685612,0,506685785,0,2026-01-21 10:00:03.440159,2026-01-21 10:02:56.440005,133
506772011,0,506772228,0,2026-01-22 10:00:02.363635,2026-01-22 10:03:39.363443,134
506858409,0,506858597,0,2026-01-23 10:00:00.287107,2026-01-23 10:03:08.286941,135
506944816,0,506945018,0,2026-01-24 10:00:07.210541,2026-01-24 10:03:29.210362,136
507031212,0,507031458,0,2026-01-25 10:00:03.134134,2026-01-25 10:04:09.133916,137
507117611,0,507117812,0,2026-01-26 10:00:02.057745,2026-01-26 10:03:23.057567,138
507204016,0,507204218,0,2026-01-27 10:00:06.981316,2026-01-27 10:03:28.981137,139
507290414,0,507290601,0,2026-01-28 10:00:04.904771,2026-01-28 10:03:11.904606,140
507376813,0,507377015,0,2026-01-29 10:00:03.828299,2026-01-29 10:03:25.828121,141
507463213,0,507463415,0,2026-01-30 10:00:03.751941,2026-01-30 10:03:25.751762,142
507549616,0,507549818,0,2026-01-31 10:00:06.675480,2026-01-31 10:03:28.675301,143
507636010,0,507636197,0,2026-02-01 10:00:00.599219,2026-02-01 10:03:07.599053,144
507722414,0,507722615,0,2026-02-02 10:00:04.522819,2026-02-02 10:03:25.522641,145
507808810,0,507809012,0,2026-02-03 10:00:00.446544,2026-02-03 10:03:22.446365,146
507895215,0,507895416,0,2026-02-04 10:00:05.370175,2026-02-04 10:03:26.369997,147
507981610,0,507981812,0,2026-02-05 10:00:00.293917,2026-02-05 10:03:22.293739,148
508068016,0,508068203,0,2026-02-06 10:00:06.217643,2026-02-06 10:03:13.217478,149
508154415,0,508154631,0,2026-02-07 10:00:05.141379,2026-02-07 10:03:41.141188,150
508240813,0,508241000,0,2026-02-08 10:00:03.065085,2026-02-08 10:03:10.064920,151
508327216,0,508327477,0,2026-02-09 10:00:05.988935,2026-02-09 10:04:26.988705,152
508413616,0,508413802,0,2026-02-10 10:00:05.912683,2026-02-10 10:03:11.912518,153
508500013,0,508500214,0,2026-02-11 10:00:02.836551,2026-02-11 10:03:23.836373,154
508586412,0,508586613,0,2026-02-12 10:00:01.760332,2026-02-12 10:03:22.760155,155
508672817,0,508673018,0,2026-02-13 10:00:06.684229,2026-02-13 10:03:27.684052,156
508759217,0,508759403,0,2026-02-14 10:00:06.608094,2026-02-14 10:03:12.607930,157
508845617,0,508845818,0,2026-02-15 10:00:06.531922,2026-02-15 10:03:27.531744,158
508932011,0,508932212,0,2026-02-16 10:00:00.455754,2026-02-16 10:03:21.455577,159
509018410,0,509018611,0,2026-02-17 09:59:59.379795,2026-02-17 10:03:20.379618,160
509104812,0,509105013,0,2026-02-18 10:00:01.303677,2026-02-18 10:03:22.303500,161
509191214,0,509191415,0,2026-02-19 10:00:03.227661,2026-02-19 10:03:24.227484,162
509277617,0,509277818,0,2026-02-20 10:00:06.151639,2026-02-20 10:03:27.151462,163
509364012,0,509364213,0,2026-02-21 10:00:01.075664,2026-02-21 10:03:22.075487,164
509450415,0,509450616,0,2026-02-22 10:00:03.999679,2026-02-22 10:03:24.999503,165
509536813,0,509536999,0,2026-02-23 10:00:01.923699,2026-02-23 10:03:07.923535,166
509623216,0,509623402,0,2026-02-24 10:00:04.847762,2026-02-24 10:03:10.847598,167
509709612,0,509709813,0,2026-02-25 10:00:00.771831,2026-02-25 10:03:21.771654,168
509796017,0,509796218,0,2026-02-26 10:00:05.695892,2026-02-26 10:03:26.695715,169
509882416,0,509882617,0,2026-02-27 10:00:04.619966,2026-02-27 10:03:25.619790,170
509968814,0,509969015,0,2026-02-28 10:00:02.544109,2026-02-28 10:03:23.543933,171
510055212,0,510055398,0,2026-03-01 10:00:00.468245,2026-03-01 10:03:06.468082,172
510141618,0,510141819,0,2026-03-02 10:00:06.392372,2026-03-02 10:03:27.392196,173
510228019,0,510228220,0,2026-03-03 10:00:07.316561,2026-03-03 10:03:28.316385,174
510314419,0,510314620,0,2026-03-04 10:00:07.240744,2026-03-04 10:03:28.240567,175
510400819,0,510401005,0,2026-03-05 10:00:07.164918,2026-03-05 10:03:13.164754,176
510487212,0,510487413,0,2026-03-06 10:00:00.089126,2026-03-06 10:03:21.088949,177
510573615,0,510573816,0,2026-03-07 10:00:03.013373,2026-03-07 10:03:24.013197,178
510660015,0,510660216,0,2026-03-08 10:00:02.937611,2026-03-08 10:03:23.937434,179
510746413,0,510746621,0,2026-03-09 10:00:00.861816,2026-03-09 10:03:28.861634,180
510832817,0,510833003,0,2026-03-10 10:00:04.786298,2026-03-10 10:03:10.786136,181
510919215,0,510919416,0,2026-03-11 10:00:02.710627,2026-03-11 10:03:23.710451,182
511005613,0,511005814,0,2026-03-12 10:00:00.634930,2026-03-12 10:03:21.634754,183
511092018,0,511092219,0,2026-03-13 10:00:05.559392,2026-03-13 10:03:26.559216,184
511178419,0,511178605,0,2026-03-14 10:00:06.483790,2026-03-14 10:03:12.483628,185
511264818,0,511265019,0,2026-03-15 10:00:05.408220,2026-03-15 10:03:26.408044,186
511351218,0,511351419,0,2026-03-16 10:00:05.332637,2026-03-16 10:03:26.332461,187
511437619,0,511437820,0,2026-03-17 10:00:06.257111,2026-03-17 10:03:27.256935,188
511524013,0,511524214,0,2026-03-18 10:00:00.181585,2026-03-18 10:03:21.181409,189
511610419,0,511610606,0,2026-03-19 10:00:06.106042,2026-03-19 10:03:13.105879,190
511696819,0,511697020,0,2026-03-20 10:00:06.030482,2026-03-20 10:03:27.030306,191
511783219,0,511783420,0,2026-03-21 10:00:05.954951,2026-03-21 10:03:26.954775,192
511869621,0,511869822,0,2026-03-22 10:00:07.879403,2026-03-22 10:03:28.879227,193
511956016,0,511956217,0,2026-03-23 10:00:02.803960,2026-03-23 10:03:23.803784,194
512042418,0,512042604,0,2026-03-24 10:00:04.728497,2026-03-24 10:03:10.728335,195
512128820,0,512129021,0,2026-03-25 10:00:06.653051,2026-03-25 10:03:27.652876,196
512215216,0,512215417,0,2026-03-26 10:00:02.577613,2026-03-26 10:03:23.577438,197
512301621,0,512301807,0,2026-03-27 10:00:07.502164,2026-03-27 10:03:13.502001,198
512388017,0,512388218,0,2026-03-28 10:00:03.426713,2026-03-28 10:03:24.426538,199
512474413,0,512474621,0,2026-03-29 09:59:59.351394,2026-03-29 10:03:27.351213,200
512560819,0,512561005,0,2026-03-30 10:00:05.275966,2026-03-30 10:03:11.275804,201
512647217,0,512647418,0,2026-03-31 10:00:03.200681,2026-03-31 10:03:24.200506,202
512733616,0,512733817,0,2026-04-01 10:00:02.125364,2026-04-01 10:03:23.125189,203
